X50然_TR.Df;X50然_TR.Sum.Sq;X50然_TR.Mean.Sq;X50然_TR.F.value;X50然_TR.Pr..F.;X50然_TS.Df;X50然_TS.Sum.Sq;X50然_TS.Mean.Sq;X50然_TS.F.value;X50然_TS.Pr..F.;X500然_TR.Df;X500然_TR.Sum.Sq;X500然_TR.Mean.Sq;X500然_TR.F.value;X500然_TR.Pr..F.;X500然_TS.Df;X500然_TS.Sum.Sq;X500然_TS.Mean.Sq;X500然_TS.F.value;X500然_TS.Pr..F.
Treatment;2;0.314907149752253;0.157453574876126;22.2960630560878;1.41909784363786e-07;2;0.00609875486880657;0.00304937743440329;0.783346913813599;0.462626870710481;2;1.67968575539645;0.839842877698225;24.4747753173125;4.70641789108231e-08;2;2.65535426244714;1.32767713122357;43.0719896654975;1.94124901294767e-11
Time;3;0.591706974237148;0.197235658079049;27.9293669445052;1.34450613259598e-10;3;0.00810702640670675;0.00270234213556892;0.694197887110882;0.560117051638517;3;7.89305651783314;2.63101883927771;76.6733833874061;2.52266328994855e-18;3;4.58248112964053;1.52749370988018;49.5543620800625;9.81100816395157e-15
Treatment:Time;6;0.289450473448225;0.0482417455747043;6.83122629712003;2.78613699132577e-05;6;0.00826463841627233;0.00137743973604539;0.353847035798807;0.904156786226368;6;0.751188445590176;0.125198074265029;3.64853333780112;0.00460097029422616;6;1.47583946836645;0.245973244727741;7.97976918163706;5.39433040260268e-06
Residuals;48;0.33897336830461;0.0070619451730127;NA;NA;48;0.186852228904277;0.00389275476883911;NA;NA;48;1.64710227599104;0.0343146307498133;NA;NA;48;1.4795811104538;0.0308246064677875;NA;NA
