X50然_TR.Df;X50然_TR.Sum.Sq;X50然_TR.Mean.Sq;X50然_TR.F.value;X50然_TR.Pr..F.;X50然_TS.Df;X50然_TS.Sum.Sq;X50然_TS.Mean.Sq;X50然_TS.F.value;X50然_TS.Pr..F.;X500然_TR.Df;X500然_TR.Sum.Sq;X500然_TR.Mean.Sq;X500然_TR.F.value;X500然_TR.Pr..F.;X500然_TS.Df;X500然_TS.Sum.Sq;X500然_TS.Mean.Sq;X500然_TS.F.value;X500然_TS.Pr..F.
Treatment;2;0.00682845672503329;0.00341422836251665;19.6128559819662;5.94731779156156e-07;2;6.61323629075541e-05;3.30661814537771e-05;0.958121928677663;0.390826633492414;2;0.0387367336621764;0.0193683668310882;20.0893469871002;4.58207090611586e-07;2;0.0401990134099845;0.0200995067049923;49.7069615272187;2.01774184497044e-12
Time;3;0.0144755124512035;0.00482517081706784;27.7179410031558;1.50758901977148e-10;3;0.000334389373072209;0.000111463124357403;3.22974286689382;0.0304361058462841;3;0.199428860698598;0.0664762868995326;68.9508416267278;2.0174224728143e-17;3;0.0872459214608793;0.0290819738202931;71.920996621367;8.87589818521357e-18
Treatment:Time;6;0.00508260495326375;0.000847100825543958;4.86612631890621;0.000591030312859581;6;8.12551450828666e-05;1.35425241804778e-05;0.392406646806237;0.880285301343795;6;0.0136691071832164;0.00227818453053607;2.36298909111541;0.0442930340363375;6;0.0203721582818631;0.00339535971364385;8.39687347228496;3.04450908147622e-06
Residuals;48;0.00835589480448374;0.000174081141760078;NA;NA;48;0.00165654982134875;3.45114546114322e-05;NA;NA;48;0.0462773433347139;0.000964111319473207;NA;NA;48;0.0194092797507112;0.000404359994806484;NA;NA
