Parameter;df1;df2;statistic;p
1;Length.cm.;2;13;1.86972999788499;0.193335855799753
2;ProjArea.cm2.;2;13;1.73225157061117;0.215310742985591
3;SurfArea.cm2.;2;13;1.73225273261443;0.21531054543991
4;AvgDiam.mm.;2;13;0.681410533569334;0.523086383129271
5;RootVolume.cm3.;2;13;1.71946713337187;0.217496867932185
6;Tips;2;13;1.39519638252027;0.282538560288544
7;Forks;2;13;2.3602877786662;0.13351373253184
8;Crossings;2;13;1.56569526665958;0.245903695219721
