df1;df2;statistic;p
1;2;42;1.60800875135852;0.212371690688539
