Treatment;variable;statistic;p
1;-Fe;Value;0.630145322318956;4.88251892696097e-05
2;-P;Value;0.822754674649714;0.00731197816286854
3;C;Value;0.89015318547246;0.0674179314739101
